name,date,tmax_f,precip_in,snow_in
Alpine County,2026-07-30,81.7,0.0,0.0
Alpine County,2026-07-31,83.0,0.0,0.0
Alpine County,2026-08-01,86.1,0.0,0.0
Alpine County,2026-08-02,84.5,0.0,0.0
Alpine County,2026-08-03,84.9,0.0,0.0
Alpine County,2026-08-04,86.5,0.0,0.0
Alpine County,2026-08-05,86.1,0.0,0.0
Alpine County,2026-08-06,84.2,0.0,0.0
Alpine County,2026-08-07,80.9,0.0,0.0
Alpine County,2026-08-08,78.4,0.0,0.0
Alpine County,2026-08-09,81.2,0.0,0.0
Alpine County,2026-08-10,84.4,0.0,0.0
Alpine County,2026-08-11,83.7,0.0,0.0
Alpine County,2026-08-12,81.5,0.0,0.0
Alpine County,2026-08-13,80.4,0.0,0.0
Alpine County,2026-08-14,82.1,0.0,0.0
Sierra County,2026-07-30,75.3,0.0,0.0
Sierra County,2026-07-31,76.7,0.0,0.0
Sierra County,2026-08-01,84.8,0.0,0.0
Sierra County,2026-08-02,83.0,0.0,0.0
Sierra County,2026-08-03,83.4,0.0,0.0
Sierra County,2026-08-04,85.0,0.0,0.0
Sierra County,2026-08-05,85.3,0.0,0.0
Sierra County,2026-08-06,83.4,0.0,0.0
Sierra County,2026-08-07,79.7,0.0,0.0
Sierra County,2026-08-08,78.9,0.0,0.0
Sierra County,2026-08-09,81.8,0.0,0.0
Sierra County,2026-08-10,82.1,0.0,0.0
Sierra County,2026-08-11,80.3,0.0,0.0
Sierra County,2026-08-12,79.5,0.0,0.0
Sierra County,2026-08-13,80.5,0.0,0.0
Sierra County,2026-08-14,79.1,0.0,0.0
Modoc County,2026-07-30,88.0,0.0,0.0
Modoc County,2026-07-31,90.7,0.0,0.0
Modoc County,2026-08-01,92.7,0.0,0.0
Modoc County,2026-08-02,86.6,0.0,0.0
Modoc County,2026-08-03,87.1,0.0,0.0
Modoc County,2026-08-04,92.3,0.0,0.0
Modoc County,2026-08-05,96.0,0.0,0.0
Modoc County,2026-08-06,95.6,0.0,0.0
Modoc County,2026-08-07,90.1,0.0,0.0
Modoc County,2026-08-08,87.2,0.0,0.0
Modoc County,2026-08-09,90.8,0.0,0.0
Modoc County,2026-08-10,94.3,0.0,0.0
Modoc County,2026-08-11,91.1,0.0,0.0
Modoc County,2026-08-12,91.1,0.0,0.0
Modoc County,2026-08-13,89.0,0.0,0.0
Modoc County,2026-08-14,92.3,0.047,0.0
Mono County,2026-07-30,84.3,0.0,0.0
Mono County,2026-07-31,87.0,0.0,0.0
Mono County,2026-08-01,87.5,0.0,0.0
Mono County,2026-08-02,86.8,0.0,0.0
Mono County,2026-08-03,86.8,0.0,0.0
Mono County,2026-08-04,86.9,0.0,0.0
Mono County,2026-08-05,86.5,0.0,0.0
Mono County,2026-08-06,86.5,0.0,0.0
Mono County,2026-08-07,84.2,0.0,0.0
Mono County,2026-08-08,81.2,0.0,0.0
Mono County,2026-08-09,78.3,0.0,0.0
Mono County,2026-08-10,80.3,0.0,0.0
Mono County,2026-08-11,81.1,0.0,0.0
Mono County,2026-08-12,81.2,0.0,0.0
Mono County,2026-08-13,76.1,0.012,0.0
Mono County,2026-08-14,78.2,0.012,0.0
Trinity County,2026-07-30,82.8,0.0,0.0
Trinity County,2026-07-31,84.7,0.0,0.0
Trinity County,2026-08-01,82.8,0.0,0.0
Trinity County,2026-08-02,84.8,0.0,0.0
Trinity County,2026-08-03,91.3,0.0,0.0
Trinity County,2026-08-04,96.1,0.0,0.0
Trinity County,2026-08-05,96.2,0.0,0.0
Trinity County,2026-08-06,94.5,0.0,0.0
Trinity County,2026-08-07,87.8,0.0,0.0
Trinity County,2026-08-08,93.7,0.0,0.0
Trinity County,2026-08-09,94.2,0.0,0.0
Trinity County,2026-08-10,92.4,0.0,0.0
Trinity County,2026-08-11,87.8,0.0,0.0
Trinity County,2026-08-12,90.6,0.0,0.0
Trinity County,2026-08-13,86.9,0.0,0.0
Trinity County,2026-08-14,90.9,0.0,0.0
Mariposa County,2026-07-30,92.1,0.0,0.0
Mariposa County,2026-07-31,95.7,0.0,0.0
Mariposa County,2026-08-01,100.2,0.0,0.0
Mariposa County,2026-08-02,100.0,0.0,0.0
Mariposa County,2026-08-03,100.6,0.0,0.0
Mariposa County,2026-08-04,102.0,0.0,0.0
Mariposa County,2026-08-05,101.8,0.0,0.0
Mariposa County,2026-08-06,102.4,0.0,0.0
Mariposa County,2026-08-07,100.0,0.0,0.0
Mariposa County,2026-08-08,94.9,0.0,0.0
Mariposa County,2026-08-09,96.4,0.0,0.0
Mariposa County,2026-08-10,96.1,0.0,0.0
Mariposa County,2026-08-11,96.3,0.0,0.0
Mariposa County,2026-08-12,97.8,0.0,0.0
Mariposa County,2026-08-13,95.5,0.0,0.0
Mariposa County,2026-08-14,95.4,0.0,0.0
Inyo County,2026-07-30,93.9,0.0,0.0
Inyo County,2026-07-31,96.6,0.0,0.0
Inyo County,2026-08-01,99.8,0.0,0.0
Inyo County,2026-08-02,99.0,0.0,0.0
Inyo County,2026-08-03,98.3,0.0,0.0
Inyo County,2026-08-04,98.3,0.0,0.0
Inyo County,2026-08-05,98.3,0.0,0.0
Inyo County,2026-08-06,99.0,0.0,0.0
Inyo County,2026-08-07,97.5,0.0,0.0
Inyo County,2026-08-08,94.4,0.0,0.0
Inyo County,2026-08-09,92.8,0.0,0.0
Inyo County,2026-08-10,93.3,0.0,0.0
Inyo County,2026-08-11,92.9,0.0,0.0
Inyo County,2026-08-12,93.4,0.0,0.0
Inyo County,2026-08-13,90.6,0.0,0.0
Inyo County,2026-08-14,92.6,0.0,0.0
Plumas County,2026-07-30,80.5,0.0,0.0
Plumas County,2026-07-31,81.5,0.0,0.0
Plumas County,2026-08-01,89.8,0.0,0.0
Plumas County,2026-08-02,88.7,0.0,0.0
Plumas County,2026-08-03,88.9,0.0,0.0
Plumas County,2026-08-04,90.5,0.0,0.0
Plumas County,2026-08-05,91.2,0.0,0.0
Plumas County,2026-08-06,88.9,0.0,0.0
Plumas County,2026-08-07,84.9,0.0,0.0
Plumas County,2026-08-08,86.2,0.0,0.0
Plumas County,2026-08-09,90.7,0.0,0.0
Plumas County,2026-08-10,87.7,0.0,0.0
Plumas County,2026-08-11,85.7,0.0,0.0
Plumas County,2026-08-12,84.9,0.0,0.0
Plumas County,2026-08-13,85.1,0.0,0.0
Plumas County,2026-08-14,84.6,0.012,0.0
Colusa County,2026-07-30,94.2,0.0,0.0
Colusa County,2026-07-31,97.7,0.0,0.0
Colusa County,2026-08-01,109.6,0.0,0.0
Colusa County,2026-08-02,111.1,0.0,0.0
Colusa County,2026-08-03,108.6,0.0,0.0
Colusa County,2026-08-04,112.7,0.0,0.0
Colusa County,2026-08-05,111.8,0.0,0.0
Colusa County,2026-08-06,112.5,0.0,0.0
Colusa County,2026-08-07,111.6,0.0,0.0
Colusa County,2026-08-08,103.3,0.0,0.0
Colusa County,2026-08-09,111.1,0.0,0.0
Colusa County,2026-08-10,108.7,0.0,0.0
Colusa County,2026-08-11,107.7,0.0,0.0
Colusa County,2026-08-12,108.9,0.0,0.0
Colusa County,2026-08-13,106.2,0.0,0.0
Colusa County,2026-08-14,105.9,0.0,0.0
Del Norte County,2026-07-30,70.4,0.0,0.0
Del Norte County,2026-07-31,70.7,0.0,0.0
Del Norte County,2026-08-01,77.0,0.0,0.0
Del Norte County,2026-08-02,84.0,0.0,0.0
Del Norte County,2026-08-03,92.1,0.0,0.0
Del Norte County,2026-08-04,95.9,0.0,0.0
Del Norte County,2026-08-05,87.7,0.0,0.0
Del Norte County,2026-08-06,86.3,0.0,0.0
Del Norte County,2026-08-07,78.8,0.0,0.0
Del Norte County,2026-08-08,97.9,0.0,0.0
Del Norte County,2026-08-09,94.0,0.0,0.0
Del Norte County,2026-08-10,85.7,0.0,0.0
Del Norte County,2026-08-11,77.5,0.0,0.0
Del Norte County,2026-08-12,79.0,0.0,0.0
Del Norte County,2026-08-13,82.9,0.0,0.0
Del Norte County,2026-08-14,81.7,0.0,0.0
Glenn County,2026-07-30,94.3,0.0,0.0
Glenn County,2026-07-31,99.0,0.0,0.0
Glenn County,2026-08-01,106.4,0.0,0.0
Glenn County,2026-08-02,107.7,0.0,0.0
Glenn County,2026-08-03,108.8,0.0,0.0
Glenn County,2026-08-04,111.2,0.0,0.0
Glenn County,2026-08-05,108.8,0.0,0.0
Glenn County,2026-08-06,108.0,0.0,0.0
Glenn County,2026-08-07,106.1,0.0,0.0
Glenn County,2026-08-08,105.5,0.0,0.0
Glenn County,2026-08-09,109.8,0.0,0.0
Glenn County,2026-08-10,104.1,0.0,0.0
Glenn County,2026-08-11,103.2,0.0,0.0
Glenn County,2026-08-12,105.9,0.0,0.0
Glenn County,2026-08-13,105.0,0.0,0.0
Glenn County,2026-08-14,103.0,0.0,0.0
Lassen County,2026-07-30,80.8,0.0,0.0
Lassen County,2026-07-31,81.7,0.0,0.0
Lassen County,2026-08-01,89.1,0.0,0.0
Lassen County,2026-08-02,88.3,0.0,0.0
Lassen County,2026-08-03,86.9,0.0,0.0
Lassen County,2026-08-04,87.6,0.0,0.0
Lassen County,2026-08-05,90.1,0.0,0.0
Lassen County,2026-08-06,89.3,0.0,0.0
Lassen County,2026-08-07,85.8,0.0,0.0
Lassen County,2026-08-08,78.7,0.0,0.0
Lassen County,2026-08-09,83.4,0.0,0.0
Lassen County,2026-08-10,87.7,0.0,0.0
Lassen County,2026-08-11,85.6,0.0,0.0
Lassen County,2026-08-12,84.6,0.0,0.0
Lassen County,2026-08-13,83.7,0.0,0.0
Lassen County,2026-08-14,84.2,0.0,0.0
Amador County,2026-07-30,92.1,0.0,0.0
Amador County,2026-07-31,94.9,0.0,0.0
Amador County,2026-08-01,98.7,0.0,0.0
Amador County,2026-08-02,99.8,0.0,0.0
Amador County,2026-08-03,100.5,0.0,0.0
Amador County,2026-08-04,102.7,0.0,0.0
Amador County,2026-08-05,103.0,0.0,0.0
Amador County,2026-08-06,101.5,0.0,0.0
Amador County,2026-08-07,99.6,0.0,0.0
Amador County,2026-08-08,94.6,0.0,0.0
Amador County,2026-08-09,97.0,0.0,0.0
Amador County,2026-08-10,94.7,0.0,0.0
Amador County,2026-08-11,95.3,0.0,0.0
Amador County,2026-08-12,97.7,0.0,0.0
Amador County,2026-08-13,96.3,0.0,0.0
Amador County,2026-08-14,94.5,0.0,0.0
Siskiyou County,2026-07-30,91.5,0.0,0.0
Siskiyou County,2026-07-31,97.9,0.0,0.0
Siskiyou County,2026-08-01,95.6,0.0,0.0
Siskiyou County,2026-08-02,92.7,0.0,0.0
Siskiyou County,2026-08-03,93.3,0.0,0.0
Siskiyou County,2026-08-04,100.3,0.0,0.0
Siskiyou County,2026-08-05,105.2,0.0,0.0
Siskiyou County,2026-08-06,105.4,0.0,0.0
Siskiyou County,2026-08-07,97.5,0.0,0.0
Siskiyou County,2026-08-08,95.0,0.0,0.0
Siskiyou County,2026-08-09,101.3,0.0,0.0
Siskiyou County,2026-08-10,102.3,0.0,0.0
Siskiyou County,2026-08-11,98.8,0.0,0.0
Siskiyou County,2026-08-12,100.7,0.0,0.0
Siskiyou County,2026-08-13,100.2,0.0,0.0
Siskiyou County,2026-08-14,99.2,0.0,0.0
Calaveras County,2026-07-30,92.8,0.0,0.0
Calaveras County,2026-07-31,96.3,0.0,0.0
Calaveras County,2026-08-01,99.8,0.0,0.0
Calaveras County,2026-08-02,100.5,0.0,0.0
Calaveras County,2026-08-03,101.7,0.0,0.0
Calaveras County,2026-08-04,104.2,0.0,0.0
Calaveras County,2026-08-05,104.2,0.0,0.0
Calaveras County,2026-08-06,102.5,0.0,0.0
Calaveras County,2026-08-07,100.8,0.0,0.0
Calaveras County,2026-08-08,96.1,0.0,0.0
Calaveras County,2026-08-09,97.1,0.0,0.0
Calaveras County,2026-08-10,96.1,0.0,0.0
Calaveras County,2026-08-11,96.7,0.0,0.0
Calaveras County,2026-08-12,98.8,0.0,0.0
Calaveras County,2026-08-13,97.7,0.0,0.0
Calaveras County,2026-08-14,96.5,0.0,0.0
Tuolumne County,2026-07-30,80.8,0.0,0.0
Tuolumne County,2026-07-31,83.9,0.0,0.0
Tuolumne County,2026-08-01,89.1,0.0,0.0
Tuolumne County,2026-08-02,88.6,0.0,0.0
Tuolumne County,2026-08-03,89.0,0.0,0.0
Tuolumne County,2026-08-04,90.1,0.0,0.0
Tuolumne County,2026-08-05,90.0,0.0,0.0
Tuolumne County,2026-08-06,89.5,0.0,0.0
Tuolumne County,2026-08-07,87.0,0.0,0.0
Tuolumne County,2026-08-08,82.7,0.0,0.0
Tuolumne County,2026-08-09,84.0,0.0,0.0
Tuolumne County,2026-08-10,84.9,0.0,0.0
Tuolumne County,2026-08-11,84.2,0.0,0.0
Tuolumne County,2026-08-12,85.6,0.0,0.0
Tuolumne County,2026-08-13,82.9,0.0,0.0
Tuolumne County,2026-08-14,83.3,0.0,0.0
Nevada County,2026-07-30,85.2,0.0,0.0
Nevada County,2026-07-31,87.7,0.0,0.0
Nevada County,2026-08-01,92.2,0.0,0.0
Nevada County,2026-08-02,92.1,0.0,0.0
Nevada County,2026-08-03,92.4,0.0,0.0
Nevada County,2026-08-04,94.8,0.0,0.0
Nevada County,2026-08-05,94.5,0.0,0.0
Nevada County,2026-08-06,92.9,0.0,0.0
Nevada County,2026-08-07,89.4,0.0,0.0
Nevada County,2026-08-08,88.0,0.0,0.0
Nevada County,2026-08-09,89.8,0.0,0.0
Nevada County,2026-08-10,88.6,0.0,0.0
Nevada County,2026-08-11,87.6,0.0,0.0
Nevada County,2026-08-12,88.7,0.0,0.0
Nevada County,2026-08-13,89.0,0.0,0.0
Nevada County,2026-08-14,88.1,0.154,0.0
Yolo County,2026-07-30,97.0,0.0,0.0
Yolo County,2026-07-31,100.7,0.0,0.0
Yolo County,2026-08-01,107.5,0.0,0.0
Yolo County,2026-08-02,108.7,0.0,0.0
Yolo County,2026-08-03,107.6,0.0,0.0
Yolo County,2026-08-04,110.4,0.0,0.0
Yolo County,2026-08-05,109.3,0.0,0.0
Yolo County,2026-08-06,109.3,0.0,0.0
Yolo County,2026-08-07,107.2,0.0,0.0
Yolo County,2026-08-08,100.9,0.0,0.0
Yolo County,2026-08-09,109.6,0.0,0.0
Yolo County,2026-08-10,102.7,0.0,0.0
Yolo County,2026-08-11,104.8,0.0,0.0
Yolo County,2026-08-12,106.6,0.0,0.0
Yolo County,2026-08-13,104.4,0.0,0.0
Yolo County,2026-08-14,104.0,0.0,0.0
Placer County,2026-07-30,90.9,0.0,0.0
Placer County,2026-07-31,93.2,0.0,0.0
Placer County,2026-08-01,96.7,0.0,0.0
Placer County,2026-08-02,96.5,0.0,0.0
Placer County,2026-08-03,97.1,0.0,0.0
Placer County,2026-08-04,99.1,0.0,0.0
Placer County,2026-08-05,99.0,0.0,0.0
Placer County,2026-08-06,97.7,0.0,0.0
Placer County,2026-08-07,94.1,0.0,0.0
Placer County,2026-08-08,92.3,0.0,0.0
Placer County,2026-08-09,94.4,0.0,0.0
Placer County,2026-08-10,92.6,0.0,0.0
Placer County,2026-08-11,92.5,0.0,0.0
Placer County,2026-08-12,93.7,0.0,0.0
Placer County,2026-08-13,93.0,0.0,0.0
Placer County,2026-08-14,92.0,0.047,0.0
